Product_ID,Category,Price,Quantity,Date,Customer_Age,Region
P0001,Eletrônicos,175.08,3,2023-02-17,67,Centro-Oeste
P0002,Beleza,491.68,12,2023-05-02,38,Norte
P0003,Eletrônicos,59.59,15,2023-08-20,22,Sudeste
P0004,Roupas,216.01,11,2023-09-01,39,Sudeste
P0005,Alimentos,269.93,6,2023-12-23,19,Norte
P0006,Livros,478.88,19,2023-09-19,30,Centro-Oeste
P0007,Alimentos,128.31,17,2023-01-26,40,Centro-Oeste
P0008,Eletrônicos,499.36,17,2023-06-23,50,Sul
P0009,Esportes,359.94,4,2023-11-23,23,Nordeste
P0010,Roupas,13.3,12,2023-01-22,35,Sudeste
P0011,Alimentos,417.33,7,2023-02-20,70,Sudeste
P0012,Livros,56.82,3,2023-05-04,56,Sul
P0013,Eletrônicos,296.98,1,2023-07-09,47,Sul
P0014,Eletrônicos,42.35,13,2023-02-02,47,Sudeste
P0015,Eletrônicos,76.79,12,2023-01-03,21,Centro-Oeste
P0016,Roupas,401.04,7,2023-08-17,40,Norte
P0017,Alimentos,308.02,12,2023-05-11,46,Sul
P0018,Alimentos,197.16,3,2023-08-11,65,Centro-Oeste
P0019,Alimentos,254.92,7,2023-03-30,35,Sudeste
P0020,Livros,259.9,8,2023-06-05,47,Sul
P0021,Roupas,401.53,19,2023-09-23,34,Sul
P0022,Alimentos,76.29,2,2023-05-31,55,Norte
P0023,Beleza,298.33,4,2023-05-20,56,Nordeste
P0024,Eletrônicos,483.45,9,2023-06-30,42,Nordeste
P0025,Alimentos,364.87,19,2023-05-26,46,Sul
P0026,Beleza,281.83,8,2023-10-20,26,Norte
P0027,Livros,140.1,18,2023-10-24,44,Sul
P0028,Roupas,155.37,10,2023-04-07,66,Sudeste
P0029,Livros,30.95,6,2023-10-24,63,Nordeste
P0030,Alimentos,164.96,16,2023-08-27,31,Sul
P0031,Alimentos,415.78,7,2023-06-21,47,Sudeste
P0032,Roupas,44.81,2,2023-03-18,57,Nordeste
P0033,Beleza,92.64,14,2023-07-03,35,Norte
P0034,Livros,467.92,9,2023-08-19,34,Sul
P0035,Eletrônicos,257.9,2,2023-11-08,43,Sudeste
P0036,Beleza,10.5,10,2023-11-04,53,Centro-Oeste
P0037,Beleza,380.79,2,2023-11-28,38,Centro-Oeste
P0038,Livros,417.82,6,2023-07-23,68,Centro-Oeste
P0039,Roupas,195.68,9,2023-03-06,20,Sul
P0040,Livros,348.9,12,2023-05-14,37,Centro-Oeste
P0041,Beleza,18.61,13,2023-02-19,41,Sudeste
P0042,Roupas,338.85,3,2023-10-03,29,Norte
P0043,Eletrônicos,470.35,2,2023-02-27,48,Norte
P0044,Esportes,371.76,15,2023-05-05,70,Norte
P0045,Beleza,457.37,10,2023-10-28,18,Nordeste
P0046,Roupas,401.5,10,2023-01-13,60,Sul
P0047,Livros,177.6,11,2023-04-11,44,Sudeste
P0048,Roupas,494.14,7,2023-10-25,34,Sul
P0049,Eletrônicos,463.67,13,2023-05-31,62,Norte
P0050,Eletrônicos,312.42,1,2023-08-25,21,Sul
P0051,Livros,283.03,9,2023-01-09,18,Norte
P0052,Livros,37.53,16,2023-02-18,70,Norte
P0053,Alimentos,416.99,5,2023-07-10,38,Nordeste
P0054,Eletrônicos,52.23,12,2023-05-02,51,Sul
P0055,Beleza,163.18,10,2023-02-06,59,Centro-Oeste
P0056,Eletrônicos,395.6,15,2023-10-14,36,Centro-Oeste
P0057,Eletrônicos,145.63,17,2023-05-31,24,Sudeste
P0058,Beleza,188.87,19,2023-08-05,63,Centro-Oeste
P0059,Alimentos,416.29,14,2023-07-22,60,Sul
P0060,Esportes,120.72,9,2023-01-25,54,Centro-Oeste
P0061,Esportes,23.58,18,2023-05-14,35,Sudeste
P0062,Esportes,482.74,8,2023-04-08,48,Sudeste
P0063,Esportes,31.79,19,2023-03-14,19,Nordeste
P0064,Beleza,355.24,20,2023-09-27,55,Centro-Oeste
P0065,Eletrônicos,186.93,3,2023-10-26,36,Sul
P0066,Eletrônicos,145.53,19,2023-07-27,35,Nordeste
P0067,Eletrônicos,362.29,4,2023-05-03,59,Nordeste
P0068,Beleza,475.57,18,2023-07-05,65,Centro-Oeste
P0069,Livros,111.87,12,2023-05-30,21,Norte
P0070,Eletrônicos,166.85,5,2023-11-28,48,Centro-Oeste
P0071,Alimentos,454.84,7,2023-09-16,69,Sudeste
P0072,Beleza,477.35,8,2023-03-01,60,Nordeste
P0073,Alimentos,135.98,12,2023-08-20,21,Nordeste
P0074,Eletrônicos,167.07,3,2023-10-02,34,Centro-Oeste
P0075,Roupas,212.16,6,2023-06-16,42,Nordeste
P0076,Livros,337.98,2,2023-10-21,70,Sul
P0077,Livros,196.47,1,2023-02-08,57,Norte
P0078,Livros,309.41,19,2023-08-17,48,Sudeste
P0079,Alimentos,26.97,20,2023-01-16,67,Norte
P0080,Beleza,176.87,17,2023-04-09,57,Norte
P0081,Livros,319.75,6,2023-11-11,53,Centro-Oeste
P0082,Roupas,77.46,3,2023-10-04,31,Centro-Oeste
P0083,Livros,452.03,4,2023-05-29,46,Norte
P0084,Beleza,296.05,19,2023-10-29,28,Nordeste
P0085,Livros,212.8,1,2023-02-04,35,Sul
P0086,Esportes,40.79,10,2023-01-26,32,Nordeste
P0087,Beleza,405.35,10,2023-04-24,39,Norte
P0088,Roupas,462.92,6,2023-08-06,55,Sul
P0089,Livros,27.87,13,2023-08-11,58,Sul
P0090,Alimentos,399.79,12,2023-12-30,23,Sudeste
P0091,Beleza,157.84,7,2023-10-28,40,Norte
P0092,Esportes,156.43,13,2023-04-30,21,Sul
P0093,Livros,342.07,8,2023-09-06,68,Nordeste
P0094,Esportes,364.93,12,2023-12-16,24,Centro-Oeste
P0095,Alimentos,417.19,4,2023-05-01,63,Centro-Oeste
P0096,Livros,229.32,12,2023-12-29,68,Centro-Oeste
P0097,Roupas,365.09,6,2023-08-24,30,Norte
P0098,Livros,32.97,20,2023-12-09,46,Sul
P0099,Esportes,496.15,8,2023-07-02,20,Norte
P0100,Eletrônicos,473.26,5,2023-09-24,69,Nordeste
P0101,Livros,300.9,20,2023-05-11,32,Norte
P0102,Alimentos,410.68,10,2023-08-01,27,Nordeste
P0103,Livros,69.29,10,2023-11-27,37,Centro-Oeste
P0104,Roupas,387.2,11,2023-12-22,46,Sudeste
P0105,Beleza,355.83,4,2023-12-04,42,Nordeste
P0106,Alimentos,476.69,6,2023-02-26,56,Sul
P0107,Esportes,281.04,6,2023-05-25,27,Sudeste
P0108,Eletrônicos,138.2,17,2023-04-30,20,Centro-Oeste
P0109,Alimentos,458.16,1,2023-06-07,21,Norte
P0110,Eletrônicos,485.72,16,2023-08-03,60,Centro-Oeste
P0111,Alimentos,473.2,12,2023-10-03,38,Norte
P0112,Eletrônicos,350.11,7,2023-12-13,47,Norte
P0113,Roupas,402.87,12,2023-10-20,68,Nordeste
P0114,Esportes,353.07,3,2023-10-17,64,Centro-Oeste
P0115,Roupas,357.0,18,2023-03-08,63,Sul
P0116,Livros,76.54,1,2023-10-24,36,Sudeste
P0117,Beleza,363.15,16,2023-08-14,53,Nordeste
P0118,Beleza,404.1,10,2023-03-10,65,Nordeste
P0119,Beleza,272.94,7,2023-05-07,58,Sudeste
P0120,Roupas,351.16,5,2023-08-20,69,Sudeste
P0121,Livros,429.62,6,2023-05-15,22,Centro-Oeste
P0122,Esportes,410.72,5,2023-04-29,54,Nordeste
P0123,Esportes,99.09,1,2023-06-20,32,Sul
P0124,Beleza,426.71,8,2023-08-18,33,Centro-Oeste
P0125,Eletrônicos,304.73,19,2023-04-16,57,Sul
P0126,Beleza,143.43,16,2023-02-11,61,Sudeste
P0127,Eletrônicos,39.02,19,2023-10-22,32,Sul
P0128,Esportes,172.35,3,2023-05-29,20,Nordeste
P0129,Alimentos,388.98,15,2023-03-13,56,Sudeste
P0130,Livros,12.42,8,2023-06-22,47,Nordeste
P0131,Beleza,399.91,13,2023-06-12,65,Nordeste
P0132,Eletrônicos,122.69,11,2023-06-24,36,Sul
P0133,Roupas,244.2,3,2023-04-10,53,Centro-Oeste
P0134,Livros,314.52,1,2023-02-25,66,Sul
P0135,Roupas,280.67,4,2023-03-28,19,Centro-Oeste
P0136,Beleza,311.58,10,2023-09-19,61,Sul
P0137,Livros,444.64,8,2023-09-19,41,Sul
P0138,Roupas,76.02,12,2023-08-03,40,Sudeste
P0139,Livros,418.67,2,2023-12-09,36,Sul
P0140,Livros,278.19,18,2023-08-10,49,Sudeste
P0141,Alimentos,262.15,18,2023-08-07,26,Sudeste
P0142,Eletrônicos,33.05,15,2023-03-29,27,Nordeste
P0143,Esportes,188.56,3,2023-04-13,60,Sudeste
P0144,Livros,435.58,6,2023-06-05,54,Sudeste
P0145,Roupas,371.4,18,2023-01-30,44,Sul
P0146,Esportes,139.33,2,2023-02-05,64,Sudeste
P0147,Alimentos,56.54,20,2023-06-19,59,Sul
P0148,Esportes,220.78,16,2023-06-21,58,Nordeste
P0149,Alimentos,333.46,20,2023-03-11,63,Centro-Oeste
P0150,Esportes,32.46,17,2023-10-28,33,Centro-Oeste
P0151,Beleza,284.67,18,2023-08-03,34,Centro-Oeste
P0152,Livros,23.48,3,2023-01-19,67,Centro-Oeste
P0153,Alimentos,152.27,2,2023-12-19,53,Nordeste
P0154,Alimentos,153.12,3,2023-09-14,36,Sudeste
P0155,Beleza,256.37,10,2023-10-16,47,Centro-Oeste
P0156,Alimentos,10.65,4,2023-05-28,21,Centro-Oeste
P0157,Beleza,59.1,9,2023-02-04,28,Centro-Oeste
P0158,Livros,372.97,20,2023-04-24,21,Norte
P0159,Beleza,173.68,14,2023-05-11,64,Centro-Oeste
P0160,Livros,230.14,20,2023-11-02,64,Norte
P0161,Alimentos,456.64,18,2023-10-20,34,Centro-Oeste
P0162,Roupas,368.8,16,2023-11-17,51,Norte
P0163,Roupas,79.28,1,2023-08-03,50,Sul
P0164,Livros,286.47,10,2023-05-22,28,Norte
P0165,Esportes,343.61,16,2023-08-05,50,Centro-Oeste
P0166,Eletrônicos,310.66,2,2023-12-28,61,Nordeste
P0167,Alimentos,269.84,13,2023-01-26,31,Norte
P0168,Alimentos,64.17,13,2023-11-24,23,Nordeste
P0169,Livros,109.18,20,2023-09-06,39,Norte
P0170,Esportes,391.37,5,2023-05-06,28,Norte
P0171,Eletrônicos,389.95,6,2023-09-01,68,Sul
P0172,Eletrônicos,297.55,14,2023-10-16,40,Norte
P0173,Alimentos,464.4,8,2023-06-05,50,Sudeste
P0174,Esportes,267.17,5,2023-05-12,49,Norte
P0175,Esportes,324.28,19,2023-03-14,43,Norte
P0176,Livros,404.23,14,2023-07-13,21,Sudeste
P0177,Esportes,237.95,1,2023-11-08,55,Norte
P0178,Alimentos,16.2,2,2023-10-15,56,Norte
P0179,Eletrônicos,425.83,8,2023-03-01,34,Nordeste
P0180,Beleza,430.96,8,2023-05-28,28,Centro-Oeste
P0181,Livros,97.82,9,2023-07-13,69,Sul
P0182,Roupas,410.77,20,2023-06-08,50,Nordeste
P0183,Roupas,277.36,15,2023-09-23,32,Sul
P0184,Alimentos,90.16,16,2023-09-27,46,Nordeste
P0185,Roupas,248.87,5,2023-04-28,70,Norte
P0186,Eletrônicos,69.75,15,2023-03-12,38,Nordeste
P0187,Esportes,300.17,16,2023-10-16,29,Norte
P0188,Alimentos,296.91,16,2023-08-06,54,Nordeste
P0189,Livros,341.65,15,2023-01-23,60,Norte
P0190,Livros,242.34,10,2023-06-23,51,Sul
P0191,Roupas,211.66,1,2023-01-10,65,Sudeste
P0192,Beleza,200.22,9,2023-03-20,31,Sudeste
P0193,Esportes,284.71,10,2023-12-13,30,Norte
P0194,Esportes,358.31,15,2023-08-21,58,Norte
P0195,Esportes,440.28,9,2023-07-24,56,Centro-Oeste
P0196,Beleza,157.0,20,2023-09-11,35,Sul
P0197,Esportes,380.24,13,2023-09-20,50,Norte
P0198,Roupas,313.11,19,2023-04-10,48,Nordeste
P0199,Livros,163.33,20,2023-02-07,23,Nordeste
P0200,Alimentos,307.38,14,2023-12-10,60,Norte
P0201,Livros,95.93,13,2023-11-18,65,Sudeste
P0202,Eletrônicos,331.23,5,2023-12-25,69,Norte
P0203,Esportes,360.53,17,2023-11-04,44,Sul
P0204,Livros,419.77,17,2023-10-06,31,Centro-Oeste
P0205,Alimentos,77.55,6,2023-05-21,36,Nordeste
P0206,Beleza,272.23,18,2023-09-13,24,Centro-Oeste
P0207,Roupas,235.26,16,2023-01-30,32,Sudeste
P0208,Roupas,323.6,3,2023-11-18,63,Sul
P0209,Livros,288.8,2,2023-04-25,54,Sudeste
P0210,Beleza,190.76,8,2023-02-17,56,Centro-Oeste
P0211,Roupas,83.05,17,2023-09-15,50,Norte
P0212,Roupas,498.79,19,2023-03-31,52,Centro-Oeste
P0213,Roupas,294.12,17,2023-09-18,39,Norte
P0214,Beleza,24.68,10,2023-11-20,54,Centro-Oeste
P0215,Esportes,180.08,17,2023-02-03,38,Sudeste
P0216,Roupas,276.36,2,2023-06-04,18,Sudeste
P0217,Livros,476.83,6,2023-07-02,37,Sudeste
P0218,Eletrônicos,23.22,7,2023-07-10,44,Norte
P0219,Livros,113.72,18,2023-02-06,28,Norte
P0220,Alimentos,307.61,4,2023-04-24,32,Sul
P0221,Alimentos,103.08,11,2023-08-19,66,Nordeste
P0222,Alimentos,354.59,4,2023-01-06,56,Nordeste
P0223,Eletrônicos,388.07,9,2023-03-19,18,Sul
P0224,Livros,485.01,5,2023-01-04,46,Nordeste
P0225,Esportes,204.9,12,2023-11-22,59,Norte
P0226,Roupas,116.94,1,2023-09-26,34,Sul
P0227,Eletrônicos,277.86,19,2023-03-23,51,Norte
P0228,Esportes,126.92,9,2023-05-04,50,Sudeste
P0229,Beleza,12.29,13,2023-05-14,33,Centro-Oeste
P0230,Livros,316.98,12,2023-09-16,42,Centro-Oeste
P0231,Beleza,183.25,15,2023-08-29,31,Sul
P0232,Roupas,449.32,4,2023-12-26,20,Sudeste
P0233,Esportes,67.02,19,2023-12-12,58,Centro-Oeste
P0234,Esportes,124.06,7,2023-12-19,64,Sul
P0235,Beleza,20.81,7,2023-09-10,18,Sul
P0236,Beleza,305.1,9,2023-04-10,40,Norte
P0237,Eletrônicos,472.99,5,2023-12-31,26,Sudeste
P0238,Beleza,106.82,6,2023-04-19,38,Sul
P0239,Eletrônicos,290.25,12,2023-07-03,29,Sudeste
P0240,Eletrônicos,179.33,17,2023-05-29,22,Norte
P0241,Roupas,465.06,14,2023-03-17,46,Sudeste
P0242,Esportes,209.64,19,2023-09-15,49,Sudeste
P0243,Beleza,412.02,2,2023-03-14,42,Nordeste
P0244,Esportes,243.1,14,2023-04-13,27,Sudeste
P0245,Eletrônicos,33.99,3,2023-02-17,50,Sudeste
P0246,Esportes,131.85,18,2023-12-06,64,Sudeste
P0247,Esportes,161.29,6,2023-02-17,46,Nordeste
P0248,Roupas,371.81,5,2023-09-21,25,Nordeste
P0249,Livros,495.94,12,2023-04-03,42,Nordeste
P0250,Alimentos,470.06,9,2023-03-04,68,Norte
P0251,Eletrônicos,201.37,5,2023-02-12,70,Sul
P0252,Livros,199.66,11,2023-03-17,64,Nordeste
P0253,Beleza,406.54,11,2023-10-25,67,Centro-Oeste
P0254,Esportes,424.53,8,2023-06-21,25,Sul
P0255,Esportes,306.93,6,2023-03-15,18,Centro-Oeste
P0256,Beleza,303.35,8,2023-05-19,62,Nordeste
P0257,Esportes,423.24,17,2023-10-30,49,Sul
P0258,Roupas,464.8,5,2023-11-22,43,Sudeste
P0259,Alimentos,438.73,14,2023-07-30,59,Centro-Oeste
P0260,Livros,85.55,7,2023-03-21,54,Norte
P0261,Eletrônicos,70.22,18,2023-07-05,37,Sudeste
P0262,Alimentos,378.69,1,2023-06-28,23,Sudeste
P0263,Eletrônicos,389.77,11,2023-01-12,51,Nordeste
P0264,Alimentos,143.82,1,2023-05-11,47,Norte
P0265,Eletrônicos,385.92,4,2023-10-14,18,Centro-Oeste
P0266,Roupas,379.14,19,2023-06-10,69,Sudeste
P0267,Roupas,233.3,5,2023-03-28,43,Centro-Oeste
P0268,Esportes,435.19,14,2023-11-05,49,Nordeste
P0269,Eletrônicos,142.02,13,2023-09-05,69,Nordeste
P0270,Beleza,426.29,14,2023-02-17,66,Centro-Oeste
P0271,Eletrônicos,224.99,5,2023-04-17,64,Centro-Oeste
P0272,Livros,411.5,9,2023-07-13,37,Sudeste
P0273,Esportes,245.24,8,2023-09-30,65,Norte
P0274,Roupas,213.01,9,2023-04-01,60,Centro-Oeste
P0275,Eletrônicos,120.54,6,2023-02-20,23,Sudeste
P0276,Alimentos,493.62,19,2023-11-20,68,Centro-Oeste
P0277,Roupas,87.24,4,2023-01-29,65,Norte
P0278,Livros,240.81,3,2023-11-18,68,Sul
P0279,Livros,352.55,11,2023-02-11,59,Sudeste
P0280,Alimentos,12.73,14,2023-04-11,53,Nordeste
P0281,Livros,329.2,14,2023-07-18,47,Norte
P0282,Eletrônicos,215.87,12,2023-05-24,63,Sudeste
P0283,Livros,488.27,9,2023-11-27,25,Sudeste
P0284,Esportes,254.42,18,2023-06-30,27,Norte
P0285,Livros,315.72,4,2023-04-23,26,Nordeste
P0286,Esportes,46.87,15,2023-03-19,31,Sudeste
P0287,Livros,64.51,14,2023-11-20,28,Nordeste
P0288,Esportes,242.1,20,2023-09-07,50,Nordeste
P0289,Livros,151.77,1,2023-01-19,60,Centro-Oeste
P0290,Beleza,109.41,13,2023-02-26,46,Sudeste
P0291,Eletrônicos,52.24,5,2023-01-17,24,Centro-Oeste
P0292,Eletrônicos,484.24,4,2023-06-07,22,Sudeste
P0293,Alimentos,66.66,2,2023-11-09,32,Sul
P0294,Livros,164.18,8,2023-04-15,45,Norte
P0295,Eletrônicos,264.72,5,2023-07-21,59,Norte
P0296,Esportes,158.42,12,2023-11-04,66,Norte
P0297,Esportes,359.26,2,2023-04-01,69,Sul
P0298,Beleza,76.82,20,2023-08-08,62,Sul
P0299,Eletrônicos,72.23,12,2023-01-12,59,Sul
P0300,Roupas,352.98,3,2023-01-23,22,Nordeste
P0301,Beleza,440.83,10,2023-02-01,36,Centro-Oeste
P0302,Alimentos,492.71,3,2023-05-05,31,Sul
P0303,Beleza,317.75,8,2023-03-01,56,Norte
P0304,Roupas,280.52,14,2023-12-10,58,Nordeste
P0305,Livros,404.91,5,2023-10-16,58,Sul
P0306,Livros,13.31,6,2023-10-28,20,Nordeste
P0307,Eletrônicos,181.76,18,2023-04-15,54,Sudeste
P0308,Alimentos,492.35,8,2023-10-05,64,Sudeste
P0309,Roupas,69.27,19,2023-04-14,28,Nordeste
P0310,Eletrônicos,370.82,13,2023-03-11,35,Nordeste
P0311,Eletrônicos,429.11,6,2023-05-21,37,Nordeste
P0312,Livros,415.23,18,2023-03-12,20,Sudeste
P0313,Esportes,94.04,5,2023-01-11,32,Sul
P0314,Alimentos,25.67,18,2023-11-01,19,Sudeste
P0315,Eletrônicos,254.56,6,2023-05-12,54,Sul
P0316,Esportes,240.26,2,2023-07-30,36,Nordeste
P0317,Alimentos,67.25,5,2023-07-11,42,Norte
P0318,Eletrônicos,496.83,1,2023-07-29,44,Sudeste
P0319,Eletrônicos,381.83,20,2023-07-09,53,Sul
P0320,Alimentos,392.34,14,2023-08-08,42,Nordeste
P0321,Roupas,36.38,12,2023-10-10,30,Norte
P0322,Beleza,338.29,5,2023-03-30,26,Sul
P0323,Livros,73.09,4,2023-02-06,26,Sul
P0324,Beleza,462.67,11,2023-02-15,65,Centro-Oeste
P0325,Livros,416.09,7,2023-06-14,33,Sul
P0326,Eletrônicos,164.69,20,2023-12-18,65,Sudeste
P0327,Roupas,59.92,17,2023-01-08,34,Sul
P0328,Alimentos,190.99,2,2023-05-31,64,Sul
P0329,Livros,231.25,7,2023-06-29,28,Sul
P0330,Alimentos,34.16,18,2023-05-26,41,Sul
P0331,Esportes,382.71,18,2023-05-21,28,Norte
P0332,Esportes,186.96,18,2023-10-29,30,Norte
P0333,Roupas,177.73,9,2023-06-05,22,Centro-Oeste
P0334,Alimentos,267.39,18,2023-04-08,40,Sudeste
P0335,Alimentos,319.04,6,2023-06-26,52,Centro-Oeste
P0336,Beleza,145.1,6,2023-10-06,49,Sudeste
P0337,Beleza,85.45,16,2023-11-22,47,Norte
P0338,Alimentos,20.57,15,2023-03-13,63,Centro-Oeste
P0339,Livros,54.44,12,2023-03-25,28,Centro-Oeste
P0340,Alimentos,323.49,12,2023-02-06,37,Norte
P0341,Eletrônicos,388.27,17,2023-08-27,38,Nordeste
P0342,Beleza,78.12,16,2023-01-11,35,Sudeste
P0343,Alimentos,387.81,11,2023-12-19,43,Centro-Oeste
P0344,Eletrônicos,106.46,7,2023-12-14,67,Norte
P0345,Roupas,20.14,7,2023-01-28,20,Sul
P0346,Beleza,421.02,15,2023-01-19,70,Sul
P0347,Roupas,403.81,4,2023-06-09,68,Sul
P0348,Livros,58.11,1,2023-09-18,61,Norte
P0349,Beleza,467.37,12,2023-12-02,42,Sudeste
P0350,Roupas,224.59,6,2023-06-19,42,Norte
P0351,Esportes,354.94,8,2023-05-01,36,Sudeste
P0352,Beleza,191.52,2,2023-07-12,30,Nordeste
P0353,Eletrônicos,307.4,4,2023-08-11,25,Nordeste
P0354,Beleza,243.04,19,2023-12-13,49,Sul
P0355,Beleza,244.14,15,2023-10-17,19,Sudeste
P0356,Roupas,27.05,18,2023-12-02,45,Nordeste
P0357,Roupas,153.6,11,2023-06-02,18,Norte
P0358,Alimentos,444.35,20,2023-08-28,22,Sudeste
P0359,Eletrônicos,307.53,6,2023-04-02,44,Centro-Oeste
P0360,Roupas,439.35,1,2023-10-21,36,Sudeste
P0361,Eletrônicos,389.04,3,2023-10-19,38,Sul
P0362,Esportes,357.44,4,2023-06-22,41,Sudeste
P0363,Roupas,199.03,18,2023-07-19,25,Nordeste
P0364,Esportes,98.37,2,2023-08-11,21,Sul
P0365,Roupas,245.19,4,2023-08-09,60,Sudeste
P0366,Beleza,195.01,17,2023-01-19,51,Nordeste
P0367,Beleza,458.06,13,2023-02-07,69,Nordeste
P0368,Beleza,72.74,4,2023-10-10,28,Centro-Oeste
P0369,Esportes,431.79,13,2023-12-04,18,Norte
P0370,Beleza,457.8,8,2023-02-12,47,Centro-Oeste
P0371,Alimentos,131.6,8,2023-07-16,18,Sul
P0372,Beleza,40.17,1,2023-03-14,41,Sul
P0373,Esportes,20.79,18,2023-04-09,18,Centro-Oeste
P0374,Beleza,436.61,5,2023-01-22,31,Nordeste
P0375,Livros,151.9,20,2023-08-30,22,Norte
P0376,Roupas,22.66,2,2023-01-22,34,Sul
P0377,Livros,452.87,18,2023-01-01,26,Norte
P0378,Beleza,355.09,6,2023-11-24,31,Sudeste
P0379,Eletrônicos,243.82,16,2023-07-22,21,Nordeste
P0380,Eletrônicos,76.21,4,2023-04-29,20,Norte
P0381,Beleza,340.13,4,2023-04-28,56,Sul
P0382,Alimentos,412.11,15,2023-06-28,20,Norte
P0383,Beleza,16.04,8,2023-12-25,62,Norte
P0384,Alimentos,438.49,8,2023-08-11,25,Centro-Oeste
P0385,Livros,495.78,12,2023-05-23,18,Centro-Oeste
P0386,Eletrônicos,178.64,2,2023-11-17,64,Nordeste
P0387,Roupas,450.16,19,2023-02-12,32,Norte
P0388,Alimentos,93.7,9,2023-07-29,34,Sudeste
P0389,Eletrônicos,300.8,17,2023-09-07,60,Nordeste
P0390,Eletrônicos,417.59,19,2023-07-29,39,Norte
P0391,Livros,381.19,13,2023-02-24,40,Sudeste
P0392,Livros,259.33,16,2023-01-11,21,Nordeste
P0393,Alimentos,164.71,3,2023-09-16,31,Centro-Oeste
P0394,Alimentos,221.16,13,2023-12-19,24,Norte
P0395,Alimentos,376.69,20,2023-09-14,41,Sul
P0396,Livros,364.21,4,2023-02-16,38,Sul
P0397,Livros,371.2,18,2023-02-07,28,Sul
P0398,Alimentos,93.53,17,2023-12-02,44,Nordeste
P0399,Esportes,154.12,20,2023-05-22,30,Nordeste
P0400,Eletrônicos,282.63,19,2023-02-05,37,Centro-Oeste
P0401,Roupas,358.42,13,2023-12-28,32,Sudeste
P0402,Alimentos,406.76,6,2023-05-10,53,Norte
P0403,Eletrônicos,141.28,9,2023-11-15,29,Sudeste
P0404,Alimentos,63.55,17,2023-01-11,19,Nordeste
P0405,Roupas,204.63,11,2023-04-16,40,Sul
P0406,Beleza,45.41,10,2023-06-19,36,Centro-Oeste
P0407,Roupas,446.94,19,2023-09-06,41,Nordeste
P0408,Livros,179.05,20,2023-08-29,32,Nordeste
P0409,Beleza,180.23,4,2023-09-26,30,Sul
P0410,Beleza,21.12,2,2023-02-28,31,Sul
P0411,Roupas,127.2,17,2023-03-11,64,Centro-Oeste
P0412,Esportes,482.59,10,2023-01-29,18,Norte
P0413,Livros,300.81,5,2023-03-26,29,Nordeste
P0414,Alimentos,191.69,18,2023-11-16,63,Sul
P0415,Beleza,320.74,9,2023-08-26,24,Centro-Oeste
P0416,Alimentos,402.5,14,2023-04-01,65,Nordeste
P0417,Roupas,170.6,17,2023-11-13,39,Sudeste
P0418,Esportes,192.87,4,2023-07-16,34,Nordeste
P0419,Esportes,100.64,9,2023-02-16,56,Sudeste
P0420,Roupas,175.41,14,2023-07-15,67,Nordeste
P0421,Esportes,64.02,8,2023-12-14,62,Sul
P0422,Esportes,326.27,17,2023-01-16,51,Nordeste
P0423,Eletrônicos,184.87,7,2023-11-07,48,Nordeste
P0424,Alimentos,175.43,10,2023-01-15,54,Sul
P0425,Roupas,71.4,15,2023-04-13,27,Sul
P0426,Esportes,34.06,4,2023-02-17,63,Norte
P0427,Alimentos,286.3,8,2023-08-27,58,Centro-Oeste
P0428,Eletrônicos,188.41,17,2023-05-04,68,Centro-Oeste
P0429,Alimentos,280.6,10,2023-04-17,37,Sudeste
P0430,Roupas,433.88,20,2023-01-04,67,Sudeste
P0431,Beleza,490.98,18,2023-12-31,34,Nordeste
P0432,Roupas,341.79,14,2023-03-12,28,Sul
P0433,Roupas,73.19,18,2023-06-23,51,Norte
P0434,Eletrônicos,168.09,6,2023-08-15,22,Sudeste
P0435,Esportes,27.92,8,2023-07-15,40,Centro-Oeste
P0436,Livros,353.77,2,2023-08-19,62,Centro-Oeste
P0437,Esportes,297.1,9,2023-05-05,38,Sul
P0438,Roupas,197.08,9,2023-02-08,35,Centro-Oeste
P0439,Eletrônicos,440.45,3,2023-01-26,61,Sul
P0440,Alimentos,451.83,8,2023-02-10,58,Centro-Oeste
P0441,Esportes,116.52,13,2023-01-19,33,Sudeste
P0442,Esportes,474.69,16,2023-06-21,43,Centro-Oeste
P0443,Eletrônicos,301.63,3,2023-01-06,63,Norte
P0444,Beleza,366.78,6,2023-06-26,61,Sudeste
P0445,Esportes,306.69,14,2023-01-10,22,Norte
P0446,Alimentos,390.25,8,2023-11-29,60,Sul
P0447,Esportes,392.39,13,2023-05-16,48,Norte
P0448,Roupas,148.17,12,2023-04-11,24,Norte
P0449,Livros,144.32,7,2023-04-08,24,Norte
P0450,Beleza,490.2,13,2023-02-11,21,Norte
P0451,Alimentos,326.7,13,2023-05-30,21,Sul
P0452,Beleza,175.85,8,2023-10-27,58,Sul
P0453,Esportes,312.18,13,2023-09-06,70,Centro-Oeste
P0454,Alimentos,192.29,12,2023-09-12,60,Sul
P0455,Eletrônicos,415.48,6,2023-08-30,41,Norte
P0456,Beleza,105.86,17,2023-12-15,18,Sudeste
P0457,Esportes,78.91,5,2023-07-28,57,Centro-Oeste
P0458,Alimentos,426.39,10,2023-06-10,70,Sudeste
P0459,Alimentos,455.46,7,2023-03-22,63,Centro-Oeste
P0460,Beleza,154.73,14,2023-11-30,24,Centro-Oeste
P0461,Livros,459.39,10,2023-02-22,27,Nordeste
P0462,Eletrônicos,451.07,13,2023-11-29,61,Centro-Oeste
P0463,Eletrônicos,119.68,9,2023-04-14,24,Nordeste
P0464,Beleza,466.01,20,2023-03-11,67,Sul
P0465,Alimentos,116.93,9,2023-12-25,33,Sudeste
P0466,Roupas,19.59,19,2023-02-22,49,Norte
P0467,Eletrônicos,382.69,8,2023-07-05,69,Centro-Oeste
P0468,Eletrônicos,462.93,12,2023-04-12,46,Centro-Oeste
P0469,Esportes,26.5,3,2023-12-11,37,Sul
P0470,Esportes,434.23,5,2023-06-26,59,Sul
P0471,Esportes,36.54,8,2023-11-09,25,Sul
P0472,Eletrônicos,158.08,20,2023-03-28,49,Sudeste
P0473,Livros,460.67,4,2023-11-24,34,Sul
P0474,Alimentos,85.29,12,2023-02-03,24,Sudeste
P0475,Roupas,102.5,17,2023-07-12,59,Sudeste
P0476,Beleza,458.7,2,2023-06-30,19,Norte
P0477,Eletrônicos,136.68,8,2023-08-20,44,Nordeste
P0478,Roupas,290.32,18,2023-08-12,66,Nordeste
P0479,Livros,413.8,13,2023-08-21,48,Norte
P0480,Alimentos,217.32,17,2023-07-15,33,Sudeste
P0481,Livros,246.94,19,2023-03-31,33,Nordeste
P0482,Livros,264.78,2,2023-07-01,41,Norte
P0483,Livros,373.94,12,2023-10-10,57,Sul
P0484,Roupas,169.28,20,2023-06-12,36,Sudeste
P0485,Eletrônicos,204.23,5,2023-03-02,62,Centro-Oeste
P0486,Eletrônicos,270.96,8,2023-08-02,31,Nordeste
P0487,Beleza,15.52,2,2023-04-05,60,Sudeste
P0488,Alimentos,171.01,6,2023-06-15,19,Nordeste
P0489,Roupas,306.34,1,2023-02-19,69,Nordeste
P0490,Livros,210.05,12,2023-11-25,30,Nordeste
P0491,Eletrônicos,281.76,6,2023-09-27,24,Sul
P0492,Beleza,237.76,7,2023-09-18,46,Sul
P0493,Roupas,479.13,3,2023-11-19,22,Norte
P0494,Alimentos,84.49,14,2023-12-18,40,Nordeste
P0495,Eletrônicos,225.97,11,2023-03-26,57,Sudeste
P0496,Roupas,54.57,4,2023-07-23,33,Norte
P0497,Esportes,359.42,7,2023-03-28,44,Sudeste
P0498,Roupas,269.3,5,2023-04-15,64,Nordeste
P0499,Roupas,337.97,5,2023-03-20,34,Centro-Oeste
P0500,Livros,301.18,6,2023-07-25,34,Nordeste
